evaluation/xy,evaluation/prev_qpos,evaluation/prev_qvel,evaluation/qpos,evaluation/qvel,evaluation/success,evaluation/total.timesteps,evaluation/episode.final_reward,evaluation/episode.return,evaluation/episode.length,evaluation/episode.duration,step
0.0038064921381432792,0.041805349872999574,0.0012461901323170992,0.041964008593391694,0.0019828260096217557,0.0,25500.0,-1.0,-1000.0,1000.0,1.1746136045455933,1
14.76243418817858,2.0261713624573083,0.010803223143938695,2.025649395231866,-0.02682096873890912,0.58,72268.68,-0.42,-841.82,842.4,0.96983895778656,100000
13.64371117847109,1.8574763576056206,-0.07875501207978353,1.851564835625346,-0.03372055789062488,0.76,110706.32,-0.24,-733.44,734.2,0.830232539176941,200000
