evaluation/xy,evaluation/prev_qpos,evaluation/prev_qvel,evaluation/qpos,evaluation/qvel,evaluation/success,evaluation/total.timesteps,evaluation/episode.final_reward,evaluation/episode.return,evaluation/episode.length,evaluation/episode.duration,step
0.019221762188860212,0.04156160281221471,0.0011820293682444196,0.041762742935343634,0.0027074996550854108,0.0,25500.0,-1.0,-1000.0,1000.0,1.154722080230713,1
21.49113734413281,2.9290438131475045,-0.0014369965288606476,2.9317493442272275,0.050365822983472475,0.3,74227.46,-0.7,-950.12,950.42,1.072687907218933,100000
21.2817633078002,2.8783757463657196,-0.05178669255572965,2.877367587734962,-0.010713975680658325,0.32,121062.86,-0.68,-935.8,936.12,1.0784559440612793,200000
26.08660606010647,3.5151920579760865,0.05430323300941314,3.5193657974775365,0.03220626733309633,0.68,164994.22,-0.32,-818.54,819.22,0.9514078569412231,300000
